﻿Name,Email
Ahmed, Tom,ahmed1@rose-hulman.edu
Alfayez, Khaled (2020),alfayeka@rose-hulman.edu
Ali, Mohammed,alima@rose-hulman.edu
Amat, Michael A,amatma@rose-hulman.edu
Anderson, Melanie,andersm3@rose-hulman.edu
Annis, Griffin,annisg@rose-hulman.edu
Baqer, Mohammad (2020),baqermt@rose-hulman.edu
Bednarek (2018), Trevor D.,bednartd@rose-hulman.edu
Bhagat, Naomi (2020),bhagatn@rose-hulman.edu
Bharill, Aaradhana,bharila@rose-hulman.edu
Bohner, Nick,bohnernj@rose-hulman.edu
Boyer,Ashlee (2019),boyeram1@rose-hulman.edu
Brill, Evan,brillew@rose-hulman.edu
Brooks, Khyree,brookskm@rose-hulman.edu
Bruner, Alan,brunera1@rose-hulman.edu
Brutcher, Jadon,brutchjw@rose-hulman.edu
Brutcher, Jared (2021),brutchjd@rose-hulman.edu
Buczkowski, Brock,buczkob1@rose-hulman.edu
Byers, Robert William,byersrw@rose-hulman.edu
Carani, Daniel,caranid@rose-hulman.edu
Carlson, Nicholas,carlsond@rose-hulman.edu
Caudell, Jeremiah N,caudeljn@rose-hulman.edu
Choi, Dabin,choid@rose-hulman.edu
Corbin, Japheth,corbinjb@rose-hulman.edu
Coriale, Maura,corialmt@rose-hulman.edu
Costa, Richard,costarr@rose-hulman.edu
Crawford, Alyssa (2020),crawfoaj@rose-hulman.edu
Davis, Brayden,davisba@rose-hulman.edu
Dickinson, Samuel,dickinsw@rose-hulman.edu
Dinh, Lance Ly,dinhll@rose-hulman.edu
Douglass, Jacob Edmund,douglaje@rose-hulman.edu
Eccles, Justin (2021),ecclesja@rose-hulman.edu
Edgington, Zoe,edgingza@rose-hulman.edu
Egler, Drew,eglerda@rose-hulman.edu
Feng, Yizhi,fengy2@rose-hulman.edu
Ferderer, Luke,ferderl1@rose-hulman.edu
Finn, Steve,finnss@rose-hulman.edu
Frantom, Tyler,frantotj@rose-hulman.edu
Friedman, Isaac,friedmij@rose-hulman.edu
Garrett, Joanna (2021),garretje@rose-hulman.edu
Gear, John (2020),gearjt@rose-hulman.edu
Gerlach, Soren,gerlacsv@rose-hulman.edu
Gneezy, Netta,gneezyn@rose-hulman.edu
Goldstein, Benjamin,goldstbt@rose-hulman.edu
Goodrich, Alec,goodriat@rose-hulman.edu
Granowski, Alexander James,granowaj@rose-hulman.edu
Hanson, Keith (2021),hanson2@rose-hulman.edu
Harmet, Susan,harmetsm@rose-hulman.edu
Hart, Emily,boatmaee@rose-hulman.edu
Hatfield, Joey,hatfiej1@rose-hulman.edu
Hayden, Sterling (2020),haydensj@rose-hulman.edu
Hoffman, Jaxon (2021),hoffmajw@rose-hulman.edu
Holeman, Maya Kaeline,holemamk@rose-hulman.edu
Horne, Chase,hornecg@rose-hulman.edu
Huang, Song Sheng,huangs7@rose-hulman.edu
Huey, Ethan,hueyee@rose-hulman.edu
Jackson, Brandon,jacksob1@rose-hulman.edu
Jagiella, Jacob,jagielj2@rose-hulman.edu
Jiang, Yuxuan,jiangy10@rose-hulman.edu
Johnson, Daniel (2021),johnsod4@rose-hulman.edu
Juric, Antonio,juricar@rose-hulman.edu
Kahn, Maddie,kahnmv@rose-hulman.edu
Kaiser, Tony (2021),kaiserar@rose-hulman.edu
Kattman, Braden,kattmabm@rose-hulman.edu
Ketcham, Alex,ketchaam@rose-hulman.edu
Koenig, JL,koenigjl@rose-hulman.edu
Koenig, Natalie,koenignm@rose-hulman.edu
Krauss, Jared,kraussja@rose-hulman.edu
Krisciunas, Joe (2021),kriscija@rose-hulman.edu
Lancaster, Frank (2020),lancasfe@rose-hulman.edu
Lee, Kernan,leek4@rose-hulman.edu
Liu, Jiaqi,liuj1@rose-hulman.edu
Lyden, Courtney,lydencj@rose-hulman.edu
Mahajan, Arjun (2021),mahajaa1@rose-hulman.edu
Mason, William (2020),masonwd@rose-hulman.edu
Mazany, Aidan,mazanyam@rose-hulman.edu
McGlynn, Jack,mcglynjm@rose-hulman.edu
Meister, Jake (2021),meistejw@rose-hulman.edu
Michael, Aaron (2020),michaeap@rose-hulman.edu
Moorman, Eric Thomas,moormaet@rose-hulman.edu
Morrison, Jamari,morrisjj@rose-hulman.edu
Nandola, Thomas,nandoltw@rose-hulman.edu
Nixon, Michael,nixonm@rose-hulman.edu
Ogilvie, Jon (2009),ogilvijc@rose-hulman.edu
Oladipupo, Kolapo,oladipo1@rose-hulman.edu
Osman, Tucker Fredrick,osmantf@rose-hulman.edu
Palm, Mathew Viktor,palmmv@rose-hulman.edu
Panfil, Walter Karl,panfilwk@rose-hulman.edu
Park, Stella (2020),parks8@rose-hulman.edu
Phillips, Tyler,phillita@rose-hulman.edu
Pickens, Lucas,pickenla@rose-hulman.edu
Post, Devin (2020),postdb@rose-hulman.edu
Ramey, Dixon,rameydj@rose-hulman.edu
Ravella, Pavani,ravellp@rose-hulman.edu
Riley, Mike (2019),rileyma@rose-hulman.edu
Robbins, Isaac,robbinip@rose-hulman.edu
Rosenthal, Mark,rosentmp@rose-hulman.edu
Shen, Fisher (2021),shenx@rose-hulman.edu
Siahmakoun, Saayeh,siahmasf@rose-hulman.edu
Sparling, Shamus,sparlisb@rose-hulman.edu
Spiotta, Dom,spiottdj@rose-hulman.edu
Stacy, Braelyn,stacybr@rose-hulman.edu
Stensrud, Emily,stensrje@rose-hulman.edu
Strassburger, Jenna,strassjm@rose-hulman.edu
Sullivan, Andrew,sulliva3@rose-hulman.edu
Tao, Tom (2020),taor@rose-hulman.edu
Thrift, Carson (2020),thriftcm@rose-hulman.edu
Utter, Carrie Margaret,uttercm@rose-hulman.edu
Valerio, Gabriel,silvag@rose-hulman.edu
Verrill, Henry,verrilhn@rose-hulman.edu
Villa, Danielle,villadn@rose-hulman.edu
Walsh, Sam,walshst1@rose-hulman.edu
Wandke, Ryan,wandkero@rose-hulman.edu
Warning, Josh,warninjd@rose-hulman.edu
Waterbury, Liam,waterblt@rose-hulman.edu
Webb, Michael,webbma@rose-hulman.edu
Westerman, Alex,westeraj@rose-hulman.edu
Williams, Elijah,williae2@rose-hulman.edu
Yang, Yicheng,yangy9@rose-hulman.edu
Yilmaz, Aj,yilmazaj@rose-hulman.edu
Zellner, Anastasia,zellneae@rose-hulman.edu
