[
 {
   "Name": "Ahmed, Tom",
   "Email": "ahmed1@rose-hulman.edu"
 },
 {
   "Name": "Alfayez, Khaled (2020)",
   "Email": "alfayeka@rose-hulman.edu"
 },
 {
   "Name": "Ali, Mohammed",
   "Email": "alima@rose-hulman.edu"
 },
 {
   "Name": "Amat, Michael A",
   "Email": "amatma@rose-hulman.edu"
 },
 {
   "Name": "Anderson, Melanie",
   "Email": "andersm3@rose-hulman.edu"
 },
 {
   "Name": "Annis, Griffin",
   "Email": "annisg@rose-hulman.edu"
 },
 {
   "Name": "Baqer, Mohammad (2020)",
   "Email": "baqermt@rose-hulman.edu"
 },
 {
   "Name": "Bednarek (2018), Trevor D.",
   "Email": "bednartd@rose-hulman.edu"
 },
 {
   "Name": "Bhagat, Naomi (2020)",
   "Email": "bhagatn@rose-hulman.edu"
 },
 {
   "Name": "Bharill, Aaradhana",
   "Email": "bharila@rose-hulman.edu"
 },
 {
   "Name": "Bohner, Nick",
   "Email": "bohnernj@rose-hulman.edu"
 },
 {
   "Name": "Boyer,Ashlee (2019)",
   "Email": "boyeram1@rose-hulman.edu"
 },
 {
   "Name": "Brill, Evan",
   "Email": "brillew@rose-hulman.edu"
 },
 {
   "Name": "Brooks, Khyree",
   "Email": "brookskm@rose-hulman.edu"
 },
 {
   "Name": "Bruner, Alan",
   "Email": "brunera1@rose-hulman.edu"
 },
 {
   "Name": "Brutcher, Jadon",
   "Email": "brutchjw@rose-hulman.edu"
 },
 {
   "Name": "Brutcher, Jared (2021)",
   "Email": "brutchjd@rose-hulman.edu"
 },
 {
   "Name": "Buczkowski, Brock",
   "Email": "buczkob1@rose-hulman.edu"
 },
 {
   "Name": "Byers, Robert William",
   "Email": "byersrw@rose-hulman.edu"
 },
 {
   "Name": "Carani, Daniel",
   "Email": "caranid@rose-hulman.edu"
 },
 {
   "Name": "Carlson, Nicholas",
   "Email": "carlsond@rose-hulman.edu"
 },
 {
   "Name": "Caudell, Jeremiah N",
   "Email": "caudeljn@rose-hulman.edu"
 },
 {
   "Name": "Choi, Dabin",
   "Email": "choid@rose-hulman.edu"
 },
 {
   "Name": "Corbin, Japheth",
   "Email": "corbinjb@rose-hulman.edu"
 },
 {
   "Name": "Coriale, Maura",
   "Email": "corialmt@rose-hulman.edu"
 },
 {
   "Name": "Costa, Richard",
   "Email": "costarr@rose-hulman.edu"
 },
 {
   "Name": "Crawford, Alyssa (2020)",
   "Email": "crawfoaj@rose-hulman.edu"
 },
 {
   "Name": "Davis, Brayden",
   "Email": "davisba@rose-hulman.edu"
 },
 {
   "Name": "Dickinson, Samuel",
   "Email": "dickinsw@rose-hulman.edu"
 },
 {
   "Name": "Dinh, Lance Ly",
   "Email": "dinhll@rose-hulman.edu"
 },
 {
   "Name": "Douglass, Jacob Edmund",
   "Email": "douglaje@rose-hulman.edu"
 },
 {
   "Name": "Eccles, Justin (2021)",
   "Email": "ecclesja@rose-hulman.edu"
 },
 {
   "Name": "Edgington, Zoe",
   "Email": "edgingza@rose-hulman.edu"
 },
 {
   "Name": "Egler, Drew",
   "Email": "eglerda@rose-hulman.edu"
 },
 {
   "Name": "Feng, Yizhi",
   "Email": "fengy2@rose-hulman.edu"
 },
 {
   "Name": "Ferderer, Luke",
   "Email": "ferderl1@rose-hulman.edu"
 },
 {
   "Name": "Finn, Steve",
   "Email": "finnss@rose-hulman.edu"
 },
 {
   "Name": "Frantom, Tyler",
   "Email": "frantotj@rose-hulman.edu"
 },
 {
   "Name": "Friedman, Isaac",
   "Email": "friedmij@rose-hulman.edu"
 },
 {
   "Name": "Garrett, Joanna (2021)",
   "Email": "garretje@rose-hulman.edu"
 },
 {
   "Name": "Gear, John (2020)",
   "Email": "gearjt@rose-hulman.edu"
 },
 {
   "Name": "Gerlach, Soren",
   "Email": "gerlacsv@rose-hulman.edu"
 },
 {
   "Name": "Gneezy, Netta",
   "Email": "gneezyn@rose-hulman.edu"
 },
 {
   "Name": "Goldstein, Benjamin",
   "Email": "goldstbt@rose-hulman.edu"
 },
 {
   "Name": "Goodrich, Alec",
   "Email": "goodriat@rose-hulman.edu"
 },
 {
   "Name": "Granowski, Alexander James",
   "Email": "granowaj@rose-hulman.edu"
 },
 {
   "Name": "Hanson, Keith (2021)",
   "Email": "hanson2@rose-hulman.edu"
 },
 {
   "Name": "Harmet, Susan",
   "Email": "harmetsm@rose-hulman.edu"
 },
 {
   "Name": "Hart, Emily",
   "Email": "boatmaee@rose-hulman.edu"
 },
 {
   "Name": "Hatfield, Joey",
   "Email": "hatfiej1@rose-hulman.edu"
 },
 {
   "Name": "Hayden, Sterling (2020)",
   "Email": "haydensj@rose-hulman.edu"
 },
 {
   "Name": "Hoffman, Jaxon (2021)",
   "Email": "hoffmajw@rose-hulman.edu"
 },
 {
   "Name": "Holeman, Maya Kaeline",
   "Email": "holemamk@rose-hulman.edu"
 },
 {
   "Name": "Horne, Chase",
   "Email": "hornecg@rose-hulman.edu"
 },
 {
   "Name": "Huang, Song Sheng",
   "Email": "huangs7@rose-hulman.edu"
 },
 {
   "Name": "Huey, Ethan",
   "Email": "hueyee@rose-hulman.edu"
 },
 {
   "Name": "Jackson, Brandon",
   "Email": "jacksob1@rose-hulman.edu"
 },
 {
   "Name": "Jagiella, Jacob",
   "Email": "jagielj2@rose-hulman.edu"
 },
 {
   "Name": "Jiang, Yuxuan",
   "Email": "jiangy10@rose-hulman.edu"
 },
 {
   "Name": "Johnson, Daniel (2021)",
   "Email": "johnsod4@rose-hulman.edu"
 },
 {
   "Name": "Juric, Antonio",
   "Email": "juricar@rose-hulman.edu"
 },
 {
   "Name": "Kahn, Maddie",
   "Email": "kahnmv@rose-hulman.edu"
 },
 {
   "Name": "Kaiser, Tony (2021)",
   "Email": "kaiserar@rose-hulman.edu"
 },
 {
   "Name": "Kattman, Braden",
   "Email": "kattmabm@rose-hulman.edu"
 },
 {
   "Name": "Ketcham, Alex",
   "Email": "ketchaam@rose-hulman.edu"
 },
 {
   "Name": "Koenig, JL",
   "Email": "koenigjl@rose-hulman.edu"
 },
 {
   "Name": "Koenig, Natalie",
   "Email": "koenignm@rose-hulman.edu"
 },
 {
   "Name": "Krauss, Jared",
   "Email": "kraussja@rose-hulman.edu"
 },
 {
   "Name": "Krisciunas, Joe (2021)",
   "Email": "kriscija@rose-hulman.edu"
 },
 {
   "Name": "Lancaster, Frank (2020)",
   "Email": "lancasfe@rose-hulman.edu"
 },
 {
   "Name": "Lee, Kernan",
   "Email": "leek4@rose-hulman.edu"
 },
 {
   "Name": "Liu, Jiaqi",
   "Email": "liuj1@rose-hulman.edu"
 },
 {
   "Name": "Lyden, Courtney",
   "Email": "lydencj@rose-hulman.edu"
 },
 {
   "Name": "Mahajan, Arjun (2021)",
   "Email": "mahajaa1@rose-hulman.edu"
 },
 {
   "Name": "Mason, William (2020)",
   "Email": "masonwd@rose-hulman.edu"
 },
 {
   "Name": "Mazany, Aidan",
   "Email": "mazanyam@rose-hulman.edu"
 },
 {
   "Name": "McGlynn, Jack",
   "Email": "mcglynjm@rose-hulman.edu"
 },
 {
   "Name": "Meister, Jake (2021)",
   "Email": "meistejw@rose-hulman.edu"
 },
 {
   "Name": "Michael, Aaron (2020)",
   "Email": "michaeap@rose-hulman.edu"
 },
 {
   "Name": "Moorman, Eric Thomas",
   "Email": "moormaet@rose-hulman.edu"
 },
 {
   "Name": "Morrison, Jamari",
   "Email": "morrisjj@rose-hulman.edu"
 },
 {
   "Name": "Nandola, Thomas",
   "Email": "nandoltw@rose-hulman.edu"
 },
 {
   "Name": "Nixon, Michael",
   "Email": "nixonm@rose-hulman.edu"
 },
 {
   "Name": "Ogilvie, Jon (2009)",
   "Email": "ogilvijc@rose-hulman.edu"
 },
 {
   "Name": "Oladipupo, Kolapo",
   "Email": "oladipo1@rose-hulman.edu"
 },
 {
   "Name": "Osman, Tucker Fredrick",
   "Email": "osmantf@rose-hulman.edu"
 },
 {
   "Name": "Palm, Mathew Viktor",
   "Email": "palmmv@rose-hulman.edu"
 },
 {
   "Name": "Panfil, Walter Karl",
   "Email": "panfilwk@rose-hulman.edu"
 },
 {
   "Name": "Park, Stella (2020)",
   "Email": "parks8@rose-hulman.edu"
 },
 {
   "Name": "Phillips, Tyler",
   "Email": "phillita@rose-hulman.edu"
 },
 {
   "Name": "Pickens, Lucas",
   "Email": "pickenla@rose-hulman.edu"
 },
 {
   "Name": "Post, Devin (2020)",
   "Email": "postdb@rose-hulman.edu"
 },
 {
   "Name": "Ramey, Dixon",
   "Email": "rameydj@rose-hulman.edu"
 },
 {
   "Name": "Ravella, Pavani",
   "Email": "ravellp@rose-hulman.edu"
 },
 {
   "Name": "Riley, Mike (2019)",
   "Email": "rileyma@rose-hulman.edu"
 },
 {
   "Name": "Robbins, Isaac",
   "Email": "robbinip@rose-hulman.edu"
 },
 {
   "Name": "Rosenthal, Mark",
   "Email": "rosentmp@rose-hulman.edu"
 },
 {
   "Name": "Shen, Fisher (2021)",
   "Email": "shenx@rose-hulman.edu"
 },
 {
   "Name": "Siahmakoun, Saayeh",
   "Email": "siahmasf@rose-hulman.edu"
 },
 {
   "Name": "Sparling, Shamus",
   "Email": "sparlisb@rose-hulman.edu"
 },
 {
   "Name": "Spiotta, Dom",
   "Email": "spiottdj@rose-hulman.edu"
 },
 {
   "Name": "Stacy, Braelyn",
   "Email": "stacybr@rose-hulman.edu"
 },
 {
   "Name": "Stensrud, Emily",
   "Email": "stensrje@rose-hulman.edu"
 },
 {
   "Name": "Strassburger, Jenna",
   "Email": "strassjm@rose-hulman.edu"
 },
 {
   "Name": "Sullivan, Andrew",
   "Email": "sulliva3@rose-hulman.edu"
 },
 {
   "Name": "Tao, Tom (2020)",
   "Email": "taor@rose-hulman.edu"
 },
 {
   "Name": "Thrift, Carson (2020)",
   "Email": "thriftcm@rose-hulman.edu"
 },
 {
   "Name": "Utter, Carrie Margaret",
   "Email": "uttercm@rose-hulman.edu"
 },
 {
   "Name": "Valerio, Gabriel",
   "Email": "silvag@rose-hulman.edu"
 },
 {
   "Name": "Verrill, Henry",
   "Email": "verrilhn@rose-hulman.edu"
 },
 {
   "Name": "Villa, Danielle",
   "Email": "villadn@rose-hulman.edu"
 },
 {
   "Name": "Walsh, Sam",
   "Email": "walshst1@rose-hulman.edu"
 },
 {
   "Name": "Wandke, Ryan",
   "Email": "wandkero@rose-hulman.edu"
 },
 {
   "Name": "Warning, Josh",
   "Email": "warninjd@rose-hulman.edu"
 },
 {
   "Name": "Waterbury, Liam",
   "Email": "waterblt@rose-hulman.edu"
 },
 {
   "Name": "Webb, Michael",
   "Email": "webbma@rose-hulman.edu"
 },
 {
   "Name": "Westerman, Alex",
   "Email": "westeraj@rose-hulman.edu"
 },
 {
   "Name": "Williams, Elijah",
   "Email": "williae2@rose-hulman.edu"
 },
 {
   "Name": "Yang, Yicheng",
   "Email": "yangy9@rose-hulman.edu"
 },
 {
   "Name": "Yilmaz, Aj",
   "Email": "yilmazaj@rose-hulman.edu"
 },
 {
   "Name": "Zellner, Anastasia",
   "Email": "zellneae@rose-hulman.edu"
 }
]